{"cameraMode":{"drawMode":0,"name":"Shaded","section":"Shading Mode"},"sceneLighting":true,"audioPlay":false,"sceneViewState":{"m_AlwaysRefresh":false,"showFog":true,"showSkybox":true,"showFlares":true,"showImageEffects":true,"showParticleSystems":true,"showVisualEffectGraphs":true,"m_FxEnabled":true},"in2DMode":false,"pivot":{"x":-1.2146978378295899,"y":-1.8522460460662842,"z":-5.887487411499023},"rotation":{"x":0.24588488042354585,"y":-0.6563833355903626,"z":0.24034281075000764,"w":0.6715198755264282},"size":18.350597381591798,"orthographic":false}